"","1","10","12","3","4","6","7","9","0","Trajectory","Gene"
"cyoB G314V",7.3,0,0,0,0,0,0,0,0,1,"cyoB G314V"
"fusA1 A667G",0,0,0,6.1,20.4,0,0,0,0,2,"fusA1 A667G"
"fusA1 F535L.1",0,100,100,0,44.6,27.1,0,58.7,0,3,"fusA1 F535L.1"
"fusA1 R59H",0,0,0,11.3,9.1,0,0,39.1,0,4,"fusA1 R59H"
"ptsP coding.3",10.5,0,0,0,0,0,0,0,0,5,"ptsP coding.3"
"ptsP coding.4",0,0,0,0,0,58.8,73.2,0,0,6,"ptsP coding.4"
"ptsP coding.11",0,70,75.2,0,0,0,0,25.4,0,7,"ptsP coding.11"
"ptsP coding.13",16.2,0,0,0,0,0,0,0,0,8,"ptsP coding.13"
"cyoA V53V",0,0,0,51.8,0,65.7,100,0,0,9,"cyoA V53V"
"cyoA Y67C",0,0,0,0,0,0,0,41.6,0,10,"cyoA Y67C"
