Sample,Seq Id,Position,Reads (Cov),Reads (Cov),Score,Skew,Freq,Annotation,Gene,Product
15,NC_008463,"""3175697=""",430 (3.130),360 (2.930),111/222,NT,55.2%,intergenic(146/+106),PA14_RS30510/PA14_RS14515,hypothetical protein/hypothetical protein
,NC_008463,"""=3177289""",200 (1.630),,,,,intergenic(69/218),PA14_RS14525/PA14_RS14530,hypothetical protein/Tn3 family transposase
15,NC_008463,"""=4107682""",38 (0.280),4 (0.030),4/232,NT,7.9%,coding(1106/1194nt),PA14_RS18740,MFS transporter
,NC_008463,"""=4107781""",58 (0.450),,,,,coding(861/912nt),PA14_RS18745,EamA family transporter
15,NC_008463,"""4345126=""",223 (1.630),22 (0.170),16/228,NT,11.7%,intergenic(45/+61),PA14_RS19845/PA14_RS19850,tRNA 2thiocytidine(32) synthetase TtcA/integrase
,NC_008463,"""=4355790""",126 (1.000),,,,,intergenic(+317/59),PA14_RS31160/PA14_RS19915,hypothetical protein/hypothetical protein
39,NC_008463,"""2838781=""",60 (0.510),3 (0.030),3/228,NT,5.2%,coding(581/1062nt),gtdA,"gentisate 1,2dioxygenase"
,NC_008463,"""2838833=""",53 (0.480),,,,,coding(529/1062nt),gtdA,"gentisate 1,2dioxygenase"
39,NC_008463,"""3175697=""",331 (2.820),327 (3.120),110/218,NT,57.5%,intergenic(146/+106),PA14_RS30510/PA14_RS14515,hypothetical protein/hypothetical protein
,NC_008463,"""=3177289""",188 (1.790),,,,,intergenic(69/218),PA14_RS14525/PA14_RS14530,hypothetical protein/Tn3 family transposase
18,NC_008463,"""3175697=""",473 (3.340),450 (3.550),114/220,NT,56.9%,intergenic(146/+106),PA14_RS30510/PA14_RS14515,hypothetical protein/hypothetical protein
,NC_008463,"""=3177289""",260 (2.050),,,,,intergenic(69/218),PA14_RS14525/PA14_RS14530,hypothetical protein/Tn3 family transposase
18,NC_008463,"""4345126=""",223 (1.580),19 (0.150),17/226,NT,9.5%,intergenic(45/+61),PA14_RS19845/PA14_RS19850,tRNA 2thiocytidine(32) synthetase TtcA/integrase
,NC_008463,"""=4355790""",158 (1.220),,,,,intergenic(+317/59),PA14_RS31160/PA14_RS19915,hypothetical protein/hypothetical protein
16,NC_008463,"""=2794116""",96 (0.760),3 (0.030),3/170,NT,5.3%,coding(939/1014nt),PA14_RS13105,"toluate 1,2dioxygenase electron transfer subunit"
,NC_008463,"""=2795058""",41 (0.470),,,,,coding(949/1023nt),antC,anthranilate dioxygenase reductase
16,NC_008463,"""3175697=""",370 (2.930),333 (2.950),96/220,NT,56.3%,intergenic(146/+106),PA14_RS30510/PA14_RS14515,hypothetical protein/hypothetical protein
,NC_008463,"""=3177289""",186 (1.650),,,,,intergenic(69/218),PA14_RS14525/PA14_RS14530,hypothetical protein/Tn3 family transposase
16,NC_008463,"""4345126=""",222 (1.760),25 (0.220),20/226,NT,13.2%,intergenic(45/+61),PA14_RS19845/PA14_RS19850,tRNA 2thiocytidine(32) synthetase TtcA/integrase
,NC_008463,"""=4355790""",125 (1.080),,,,,intergenic(+317/59),PA14_RS31160/PA14_RS19915,hypothetical protein/hypothetical protein
13,NC_008463,"""3175697=""",421 (2.820),350 (2.620),113/220,NT,53.3%,intergenic(146/+106),PA14_RS30510/PA14_RS14515,hypothetical protein/hypothetical protein
,NC_008463,"""=3177289""",238 (1.780),,,,,intergenic(69/218),PA14_RS14525/PA14_RS14530,hypothetical protein/Tn3 family transposase
13,NC_008463,"""4345126=""",290 (1.940),16 (0.120),14/226,NT,7.4%,intergenic(45/+61),PA14_RS19845/PA14_RS19850,tRNA 2thiocytidine(32) synthetase TtcA/integrase
,NC_008463,"""=4355790""",133 (0.970),,,,,intergenic(+317/59),PA14_RS31160/PA14_RS19915,hypothetical protein/hypothetical protein
938,NC_008463,"""=736504""",NA (NA),3 (0.020),3/252,NT,NA,noncoding(1419/2912nt),PA14_RS03465,23S ribosomal RNA
,NC_008463,"""736510=""",NA (NA),,,,,noncoding(1425/2912nt),PA14_RS03465,23S ribosomal RNA
938,NC_008463,"""3175697=""",407 (2.350),495 (3.190),127/230,NT,62.2%,intergenic(146/+106),PA14_RS30510/PA14_RS14515,hypothetical protein/hypothetical protein
,NC_008463,"""=3177289""",237 (1.530),,,,,intergenic(69/218),PA14_RS14525/PA14_RS14530,hypothetical protein/Tn3 family transposase
29,NC_008463,"""735333=""",NA (NA),4 (0.030),4/246,NT,NA,noncoding(248/2912nt),PA14_RS03465,23S ribosomal RNA
,NC_008463,"""4954923=""",NA (NA),,,,,noncoding(256/2905nt),PA14_RS22685,23S ribosomal RNA
29,NC_008463,"""735462=""",NA (NA),6 (0.040),4/246,NT,NA,noncoding(377/2912nt),PA14_RS03465,23S ribosomal RNA
,NC_008463,"""4954795=""",NA (NA),,,,,noncoding(384/2905nt),PA14_RS22685,23S ribosomal RNA
29,NC_008463,"""=737249""",NA (NA),11 (0.080),11/246,NT,NA,noncoding(2164/2912nt),PA14_RS03465,23S ribosomal RNA
,NC_008463,"""737258=""",NA (NA),,,,,noncoding(2173/2912nt),PA14_RS03465,23S ribosomal RNA
29,NC_008463,"""=2793805""",94 (0.670),6 (0.050),5/230,NT,5.3%,coding(628/1014nt),PA14_RS13105,"toluate 1,2dioxygenase electron transfer subunit"
,NC_008463,"""2795365=""",127 (0.970),,,,,coding(642/1023nt),antC,anthranilate dioxygenase reductase
29,NC_008463,"""3175697=""",385 (2.760),344 (2.760),95/220,NT,53.5%,intergenic(146/+106),PA14_RS30510/PA14_RS14515,hypothetical protein/hypothetical protein
,NC_008463,"""=3177289""",253 (2.030),,,,,intergenic(69/218),PA14_RS14525/PA14_RS14530,hypothetical protein/Tn3 family transposase
29,NC_008463,"""=5537061""",NA (NA),4 (0.030),4/246,NT,NA,noncoding(2132/2912nt),PA14_RS25360,23S ribosomal RNA
,NC_008463,"""5537087=""",NA (NA),,,,,noncoding(2106/2912nt),PA14_RS25360,23S ribosomal RNA
916,NC_008463,"""3175697=""",568 (1.920),608 (2.300),144/226,NT,59.0%,intergenic(146/+106),PA14_RS30510/PA14_RS14515,hypothetical protein/hypothetical protein
,NC_008463,"""=3177289""",335 (1.270),,,,,intergenic(69/218),PA14_RS14525/PA14_RS14530,hypothetical protein/Tn3 family transposase
71,NC_008463,"""3175697=""",399 (2.420),379 (2.570),109/222,NT,57.4%,intergenic(146/+106),PA14_RS30510/PA14_RS14515,hypothetical protein/hypothetical protein
,NC_008463,"""=3177289""",205 (1.390),,,,,intergenic(69/218),PA14_RS14525/PA14_RS14530,hypothetical protein/Tn3 family transposase
71,NC_008463,"""4282346=""",120 (0.730),9 (0.060),8/230,NT,6.1%,coding(1503/1782nt),PA14_RS19550,type I secretion system permease/ATPase
,NC_008463,"""=5039952""",168 (1.100),,,,,coding(391/1155nt),PA14_RS23040,hypothetical protein
71,NC_008463,"""5251438=""",125 (0.760),25 (0.240),22/156,NT,14.4%,intergenic(+231/142),PA14_RS24030/PA14_RS24035,hypothetical protein/ParA family protein
,NC_008463,"""=5359391""",218 (2.110),,,,,intergenic(+121/+2),PA14_RS30980/PA14_RS24545,hypothetical protein/tRNALys
59,NC_008463,"""3175697=""",466 (2.640),382 (2.430),112/218,NT,53.1%,intergenic(146/+106),PA14_RS30510/PA14_RS14515,hypothetical protein/hypothetical protein
,NC_008463,"""=3177289""",258 (1.640),,,,,intergenic(69/218),PA14_RS14525/PA14_RS14530,hypothetical protein/Tn3 family transposase
59,NC_008463,"""4345126=""",281 (1.590),26 (0.160),22/224,NT,10.7%,intergenic(45/+61),PA14_RS19845/PA14_RS19850,tRNA 2thiocytidine(32) synthetase TtcA/integrase
,NC_008463,"""=4355790""",177 (1.090),,,,,intergenic(+317/59),PA14_RS31160/PA14_RS19915,hypothetical protein/hypothetical protein
74,NC_008463,"""=1544054""",105 (1.240),5 (0.060),5/226,NT,6.3%,coding(272/1518nt),glpK,glycerol kinase
,NC_008463,"""=1546258""",52 (0.680),,,,,coding(256/1485nt),glpK,glycerol kinase
74,NC_008463,"""=1544286""",86 (1.020),5 (0.080),5/184,NT,8.3%,coding(40/1518nt),glpK,glycerol kinase
,NC_008463,"""=1546026""",47 (0.750),,,,,coding(24/1485nt),glpK,glycerol kinase
74,NC_008463,"""3175697=""",214 (2.530),201 (2.660),82/222,NT,58.6%,intergenic(146/+106),PA14_RS30510/PA14_RS14515,hypothetical protein/hypothetical protein
,NC_008463,"""=3177289""",92 (1.220),,,,,intergenic(69/218),PA14_RS14525/PA14_RS14530,hypothetical protein/Tn3 family transposase
66,NC_008463,"""3175697=""",277 (2.840),224 (2.570),87/220,NT,53.7%,intergenic(146/+106),PA14_RS30510/PA14_RS14515,hypothetical protein/hypothetical protein
,NC_008463,"""=3177289""",139 (1.600),,,,,intergenic(69/218),PA14_RS14525/PA14_RS14530,hypothetical protein/Tn3 family transposase
66,NC_008463,"""=4379135""",40 (0.410),3 (0.030),3/230,NT,8.8%,coding(639/735nt),PA14_RS20020,membrane protein
,NC_008463,"""=4379194""",25 (0.270),,,,,coding(698/735nt),PA14_RS20020,membrane protein
38,NC_008463,"""3175697=""",435 (3.110),322 (2.580),103/218,NT,52.4%,intergenic(146/+106),PA14_RS30510/PA14_RS14515,hypothetical protein/hypothetical protein
,NC_008463,"""=3177289""",196 (1.570),,,,,intergenic(69/218),PA14_RS14525/PA14_RS14530,hypothetical protein/Tn3 family transposase
64,NC_008463,"""3175697=""",382 (2.470),346 (2.510),110/218,NT,57.7%,intergenic(146/+106),PA14_RS30510/PA14_RS14515,hypothetical protein/hypothetical protein
,NC_008463,"""=3177289""",165 (1.200),,,,,intergenic(69/218),PA14_RS14525/PA14_RS14530,hypothetical protein/Tn3 family transposase
1,NC_008463,"""3175697=""",617 (2.950),589 (3.150),136/216,NT,58.3%,intergenic(146/+106),PA14_RS30510/PA14_RS14515,hypothetical protein/hypothetical protein
,NC_008463,"""=3177289""",293 (1.570),,,,,intergenic(69/218),PA14_RS14525/PA14_RS14530,hypothetical protein/Tn3 family transposase
1,NC_008463,"""4345126=""",381 (1.820),30 (0.160),21/222,NT,10.3%,intergenic(45/+61),PA14_RS19845/PA14_RS19850,tRNA 2thiocytidine(32) synthetase TtcA/integrase
,NC_008463,"""=4355790""",174 (0.910),,,,,intergenic(+317/59),PA14_RS31160/PA14_RS19915,hypothetical protein/hypothetical protein
49,NC_008463,"""=737196""",NA (NA),8 (0.030),8/242,NT,NA,noncoding(2111/2912nt),PA14_RS03465,23S ribosomal RNA
,NC_008463,"""737233=""",NA (NA),,,,,noncoding(2148/2912nt),PA14_RS03465,23S ribosomal RNA
49,NC_008463,"""=737203""",NA (NA),6 (0.020),6/236,NT,NA,noncoding(2118/2912nt),PA14_RS03465,23S ribosomal RNA
,NC_008463,"""737262=""",NA (NA),,,,,noncoding(2177/2912nt),PA14_RS03465,23S ribosomal RNA
49,NC_008463,"""3175697=""",728 (2.330),756 (2.710),137/216,NT,57.7%,intergenic(146/+106),PA14_RS30510/PA14_RS14515,hypothetical protein/hypothetical protein
,NC_008463,"""=3177289""",458 (1.640),,,,,intergenic(69/218),PA14_RS14525/PA14_RS14530,hypothetical protein/Tn3 family transposase
61,NC_008463,"""3175697=""",453 (2.630),399 (2.590),107/220,NT,56.0%,intergenic(146/+106),PA14_RS30510/PA14_RS14515,hypothetical protein/hypothetical protein
,NC_008463,"""=3177289""",223 (1.450),,,,,intergenic(69/218),PA14_RS14525/PA14_RS14530,hypothetical protein/Tn3 family transposase
61,NC_008463,"""4345126=""",224 (1.300),11 (0.070),10/226,NT,5.5%,intergenic(45/+61),PA14_RS19845/PA14_RS19850,tRNA 2thiocytidine(32) synthetase TtcA/integrase
,NC_008463,"""=4355790""",172 (1.090),,,,,intergenic(+317/59),PA14_RS31160/PA14_RS19915,hypothetical protein/hypothetical protein
8,NC_008463,"""3175697=""",455 (3.340),358 (2.940),118/222,NT,53.1%,intergenic(146/+106),PA14_RS30510/PA14_RS14515,hypothetical protein/hypothetical protein
,NC_008463,"""=3177289""",226 (1.850),,,,,intergenic(69/218),PA14_RS14525/PA14_RS14530,hypothetical protein/Tn3 family transposase
8,NC_008463,"""4345126=""",216 (1.590),14 (0.110),13/228,NT,7.7%,intergenic(45/+61),PA14_RS19845/PA14_RS19850,tRNA 2thiocytidine(32) synthetase TtcA/integrase
,NC_008463,"""=4355790""",139 (1.110),,,,,intergenic(+317/59),PA14_RS31160/PA14_RS19915,hypothetical protein/hypothetical protein
31,NC_008463,"""735522=""",NA (NA),4 (0.030),4/234,NT,NA,noncoding(437/2912nt),PA14_RS03465,23S ribosomal RNA
,NC_008463,"""=735517""",NA (NA),,,,,noncoding(432/2912nt),PA14_RS03465,23S ribosomal RNA
31,NC_008463,"""3175697=""",454 (3.250),4440 (35.600),207/220,NT,93.3%,intergenic(146/+106),PA14_RS30510/PA14_RS14515,hypothetical protein/hypothetical protein
,NC_008463,"""=3177289""",230 (1.840),,,,,intergenic(69/218),PA14_RS14525/PA14_RS14530,hypothetical protein/Tn3 family transposase
31,NC_008463,"""4338302=""",195 (1.400),1904 (13.640),182/246,NT,72.6%,coding(489/618nt),PA14_RS19815,peptidoglycan endopeptidase
,NC_008463,"""=4353244""",1239 (8.880),,,,,intergenic(85/43),PA14_RS19910/PA14_RS30755,DNAbinding protein/hypothetical protein
31,NC_008463,"""4345126=""",1109 (7.940),298 (2.330),91/226,NT,33.9%,intergenic(45/+61),PA14_RS19845/PA14_RS19850,tRNA 2thiocytidine(32) synthetase TtcA/integrase
,NC_008463,"""=4355790""",142 (1.110),,,,,intergenic(+317/59),PA14_RS31160/PA14_RS19915,hypothetical protein/hypothetical protein
10,NC_008463,"""=1544091""",120 (1.090),9 (0.120),5/176,NT,11.5%,coding(235/1518nt),glpK,glycerol kinase
,NC_008463,"""=1546221""",53 (0.680),,,,,coding(219/1485nt),glpK,glycerol kinase
10,NC_008463,"""3175697=""",362 (3.290),325 (3.300),93/222,NT,56.6%,intergenic(146/+106),PA14_RS30510/PA14_RS14515,hypothetical protein/hypothetical protein
,NC_008463,"""=3177289""",175 (1.780),,,,,intergenic(69/218),PA14_RS14525/PA14_RS14530,hypothetical protein/Tn3 family transposase
10,NC_008463,"""4345126=""",176 (1.600),20 (0.200),15/228,NT,13.0%,intergenic(45/+61),PA14_RS19845/PA14_RS19850,tRNA 2thiocytidine(32) synthetase TtcA/integrase
,NC_008463,"""=4355790""",105 (1.040),,,,,intergenic(+317/59),PA14_RS31160/PA14_RS19915,hypothetical protein/hypothetical protein
10,NC_008463,"""=4956431""",NA (NA),164 (1.570)+TCAGTA,3/214,NT,NA,noncoding(748/1544nt),PA14_RS22700,16S ribosomal RNA
,NC_008463,"""4956432=""",NA (NA),,,,,noncoding(747/1544nt),PA14_RS22700,16S ribosomal RNA
43,NC_008463,"""3175697=""",309 (2.960),257 (2.760),100/216,NT,52.4%,intergenic(146/+106),PA14_RS30510/PA14_RS14515,hypothetical protein/hypothetical protein
,NC_008463,"""=3177289""",191 (2.050),,,,,intergenic(69/218),PA14_RS14525/PA14_RS14530,hypothetical protein/Tn3 family transposase
43,NC_008463,"""4345126=""",164 (1.570),8 (0.080),8/222,NT,6.6%,intergenic(45/+61),PA14_RS19845/PA14_RS19850,tRNA 2thiocytidine(32) synthetase TtcA/integrase
,NC_008463,"""=4355790""",77 (0.800),,,,,intergenic(+317/59),PA14_RS31160/PA14_RS19915,hypothetical protein/hypothetical protein
57,NC_008463,"""3175697=""",259 (2.790),237 (2.850),91/220,NT,56.0%,intergenic(146/+106),PA14_RS30510/PA14_RS14515,hypothetical protein/hypothetical protein
,NC_008463,"""=3177289""",141 (1.700),,,,,intergenic(69/218),PA14_RS14525/PA14_RS14530,hypothetical protein/Tn3 family transposase
57,NC_008463,"""4345126=""",167 (1.800),17 (0.200),13/226,NT,12.3%,intergenic(45/+61),PA14_RS19845/PA14_RS19850,tRNA 2thiocytidine(32) synthetase TtcA/integrase
,NC_008463,"""=4355790""",90 (1.050),,,,,intergenic(+317/59),PA14_RS31160/PA14_RS19915,hypothetical protein/hypothetical protein
55,NC_008463,"""3175697=""",515 (3.040),409 (2.700),109/220,NT,54.2%,intergenic(146/+106),PA14_RS30510/PA14_RS14515,hypothetical protein/hypothetical protein
,NC_008463,"""=3177289""",232 (1.530),,,,,intergenic(69/218),PA14_RS14525/PA14_RS14530,hypothetical protein/Tn3 family transposase
51,NC_008463,"""=737201""",NA (NA),12 (0.080),12/244,NT,NA,noncoding(2116/2912nt),PA14_RS03465,23S ribosomal RNA
,NC_008463,"""737229=""",NA (NA),,,,,noncoding(2144/2912nt),PA14_RS03465,23S ribosomal RNA
51,NC_008463,"""3175697=""",435 (2.800),439 (3.160),118/222,NT,56.8%,intergenic(146/+106),PA14_RS30510/PA14_RS14515,hypothetical protein/hypothetical protein
,NC_008463,"""=3177289""",279 (2.010),,,,,intergenic(69/218),PA14_RS14525/PA14_RS14530,hypothetical protein/Tn3 family transposase
51,NC_008463,"""4345126=""",247 (1.590),14 (0.100),12/228,NT,6.7%,intergenic(45/+61),PA14_RS19845/PA14_RS19850,tRNA 2thiocytidine(32) synthetase TtcA/integrase
,NC_008463,"""=4355790""",166 (1.160),,,,,intergenic(+317/59),PA14_RS31160/PA14_RS19915,hypothetical protein/hypothetical protein
21,NC_008463,"""3175697=""",304 (3.160),238 (2.770),88/220,NT,53.7%,intergenic(146/+106),PA14_RS30510/PA14_RS14515,hypothetical protein/hypothetical protein
,NC_008463,"""=3177289""",139 (1.620),,,,,intergenic(69/218),PA14_RS14525/PA14_RS14530,hypothetical protein/Tn3 family transposase
21,NC_008463,"""4345126=""",160 (1.660),10 (0.110),7/226,NT,7.1%,intergenic(45/+61),PA14_RS19845/PA14_RS19850,tRNA 2thiocytidine(32) synthetase TtcA/integrase
,NC_008463,"""=4355790""",115 (1.300),,,,,intergenic(+317/59),PA14_RS31160/PA14_RS19915,hypothetical protein/hypothetical protein
65,NC_008463,"""3175697=""",470 (2.340),482 (2.690),118/216,NT,57.5%,intergenic(146/+106),PA14_RS30510/PA14_RS14515,hypothetical protein/hypothetical protein
,NC_008463,"""=3177289""",293 (1.640),,,,,intergenic(69/218),PA14_RS14525/PA14_RS14530,hypothetical protein/Tn3 family transposase
56,NC_008463,"""3175697=""",549 (3.520),420 (3.010),118/220,NT,52.6%,intergenic(146/+106),PA14_RS30510/PA14_RS14515,hypothetical protein/hypothetical protein
,NC_008463,"""=3177289""",266 (1.910),,,,,intergenic(69/218),PA14_RS14525/PA14_RS14530,hypothetical protein/Tn3 family transposase
48,NC_008463,"""3175697=""",451 (3.290),346 (2.830),99/220,NT,52.9%,intergenic(146/+106),PA14_RS30510/PA14_RS14515,hypothetical protein/hypothetical protein
,NC_008463,"""=3177289""",212 (1.730),,,,,intergenic(69/218),PA14_RS14525/PA14_RS14530,hypothetical protein/Tn3 family transposase
48,NC_008463,"""4345126=""",229 (1.670),10 (0.080),10/226,NT,6.3%,intergenic(45/+61),PA14_RS19845/PA14_RS19850,tRNA 2thiocytidine(32) synthetase TtcA/integrase
,NC_008463,"""=4355790""",86 (0.680),,,,,intergenic(+317/59),PA14_RS31160/PA14_RS19915,hypothetical protein/hypothetical protein
70,NC_008463,"""=1544054""",141 (1.050),16 (0.130),6/226,NT,12.8%,coding(272/1518nt),glpK,glycerol kinase
,NC_008463,"""=1546258""",89 (0.730),,,,,coding(256/1485nt),glpK,glycerol kinase
70,NC_008463,"""=1544286""",120 (0.890),8 (0.080),7/184,NT,8.6%,coding(40/1518nt),glpK,glycerol kinase
,NC_008463,"""=1546026""",82 (0.820),,,,,coding(24/1485nt),glpK,glycerol kinase
70,NC_008463,"""3175697=""",345 (2.560),291 (2.420),96/222,NT,52.8%,intergenic(146/+106),PA14_RS30510/PA14_RS14515,hypothetical protein/hypothetical protein
,NC_008463,"""=3177289""",212 (1.760),,,,,intergenic(69/218),PA14_RS14525/PA14_RS14530,hypothetical protein/Tn3 family transposase
70,NC_008463,"""4360320=""",38 (0.280),3 (0.030),3/220,NT,6.8%,intergenic(44/+58),PA14_RS19935/PA14_RS19940,acylCoA dehydrogenase/LLM class flavindependent oxidoreductase
,NC_008463,"""4360827=""",49 (0.410),,,,,coding(571/1020nt),PA14_RS19940,LLM class flavindependent oxidoreductase
70,NC_008463,"""4379057=""",95 (0.710),94 (0.750),67/232,NT,49.8%,coding(561/735nt),PA14_RS20020,membrane protein
,NC_008463,"""=4692459""",101 (0.800),,,,,coding(727/945nt),PA14_RS21555,LysR family transcriptional regulator
58,NC_008463,"""3175697=""",340 (3.100),294 (3.000),97/222,NT,54.6%,intergenic(146/+106),PA14_RS30510/PA14_RS14515,hypothetical protein/hypothetical protein
,NC_008463,"""=3177289""",185 (1.890),,,,,intergenic(69/218),PA14_RS14525/PA14_RS14530,hypothetical protein/Tn3 family transposase
58,NC_008463,"""4345126=""",164 (1.500),13 (0.130),13/228,NT,8.9%,intergenic(45/+61),PA14_RS19845/PA14_RS19850,tRNA 2thiocytidine(32) synthetase TtcA/integrase
,NC_008463,"""=4355790""",115 (1.140),,,,,intergenic(+317/59),PA14_RS31160/PA14_RS19915,hypothetical protein/hypothetical protein
3,NC_008463,"""3175697=""",471 (3.180),408 (3.080),98/220,NT,55.1%,intergenic(146/+106),PA14_RS30510/PA14_RS14515,hypothetical protein/hypothetical protein
,NC_008463,"""=3177289""",243 (1.830),,,,,intergenic(69/218),PA14_RS14525/PA14_RS14530,hypothetical protein/Tn3 family transposase
3,NC_008463,"""4345126=""",239 (1.610),12 (0.090),11/226,NT,6.2%,intergenic(45/+61),PA14_RS19845/PA14_RS19850,tRNA 2thiocytidine(32) synthetase TtcA/integrase
,NC_008463,"""=4355790""",143 (1.050),,,,,intergenic(+317/59),PA14_RS31160/PA14_RS19915,hypothetical protein/hypothetical protein
22,NC_008463,"""=736964""",NA (NA),4 (0.030),4/248,NT,NA,noncoding(1879/2912nt),PA14_RS03465,23S ribosomal RNA
,NC_008463,"""736973=""",NA (NA),,,,,noncoding(1888/2912nt),PA14_RS03465,23S ribosomal RNA
22,NC_008463,"""=737198""",NA (NA),94 (0.620),45/248,NT,NA,noncoding(2113/2912nt),PA14_RS03465,23S ribosomal RNA
,NC_008463,"""737211=""",NA (NA),,,,,noncoding(2126/2912nt),PA14_RS03465,23S ribosomal RNA
22,NC_008463,"""=737200""",NA (NA),10 (0.070),5/242,NT,NA,noncoding(2115/2912nt),PA14_RS03465,23S ribosomal RNA
,NC_008463,"""737208=""",NA (NA),,,,,noncoding(2123/2912nt),PA14_RS03465,23S ribosomal RNA
22,NC_008463,"""3175697=""",416 (2.740),369 (2.720),108/222,NT,55.1%,intergenic(146/+106),PA14_RS30510/PA14_RS14515,hypothetical protein/hypothetical protein
,NC_008463,"""=3177289""",229 (1.690),,,,,intergenic(69/218),PA14_RS14525/PA14_RS14530,hypothetical protein/Tn3 family transposase
72,NC_008463,"""3175697=""",321 (3.000),284 (2.960),96/222,NT,57.6%,intergenic(146/+106),PA14_RS30510/PA14_RS14515,hypothetical protein/hypothetical protein
,NC_008463,"""=3177289""",130 (1.360),,,,,intergenic(69/218),PA14_RS14525/PA14_RS14530,hypothetical protein/Tn3 family transposase
72,NC_008463,"""4345126=""",171 (1.600),7 (0.070),7/228,NT,5.4%,intergenic(45/+61),PA14_RS19845/PA14_RS19850,tRNA 2thiocytidine(32) synthetase TtcA/integrase
,NC_008463,"""=4355790""",88 (0.890),,,,,intergenic(+317/59),PA14_RS31160/PA14_RS19915,hypothetical protein/hypothetical protein
72,NC_008463,"""4645700=""",77 (0.720),130 (1.310),64/230,NT,61.0%,coding(755/2646nt),PA14_RS21320,membrane protein
,NC_008463,"""=4707236""",95 (0.960),,,,,coding(73/960nt),PA14_RS21625,oxidoreductase
32,NC_008463,"""3175697=""",473 (3.330),446 (3.510),129/220,NT,55.9%,intergenic(146/+106),PA14_RS30510/PA14_RS14515,hypothetical protein/hypothetical protein
,NC_008463,"""=3177289""",280 (2.200),,,,,intergenic(69/218),PA14_RS14525/PA14_RS14530,hypothetical protein/Tn3 family transposase
63,NC_008463,"""3175697=""",479 (2.480),413 (2.390),114/218,NT,54.8%,intergenic(146/+106),PA14_RS30510/PA14_RS14515,hypothetical protein/hypothetical protein
,NC_008463,"""=3177289""",254 (1.470),,,,,intergenic(69/218),PA14_RS14525/PA14_RS14530,hypothetical protein/Tn3 family transposase
30,NC_008463,"""3175697=""",516 (3.390),7785 (57.150),217/220,NT,95.4%,intergenic(146/+106),PA14_RS30510/PA14_RS14515,hypothetical protein/hypothetical protein
,NC_008463,"""=3177289""",283 (2.080),,,,,intergenic(69/218),PA14_RS14525/PA14_RS14530,hypothetical protein/Tn3 family transposase
30,NC_008463,"""4338302=""",216 (1.420),2439 (16.010),187/246,NT,76.1%,coding(489/618nt),PA14_RS19815,peptidoglycan endopeptidase
,NC_008463,"""=4353244""",1316 (8.640),,,,,intergenic(85/43),PA14_RS19910/PA14_RS30755,DNAbinding protein/hypothetical protein
30,NC_008463,"""4345126=""",1495 (9.820),341 (2.440),87/226,NT,31.1%,intergenic(45/+61),PA14_RS19845/PA14_RS19850,tRNA 2thiocytidine(32) synthetase TtcA/integrase
,NC_008463,"""=4355790""",139 (0.990),,,,,intergenic(+317/59),PA14_RS31160/PA14_RS19915,hypothetical protein/hypothetical protein
5,NC_008463,"""3175697=""",557 (3.360),454 (3.060),110/220,NT,54.5%,intergenic(146/+106),PA14_RS30510/PA14_RS14515,hypothetical protein/hypothetical protein
,NC_008463,"""=3177289""",261 (1.760),,,,,intergenic(69/218),PA14_RS14525/PA14_RS14530,hypothetical protein/Tn3 family transposase
5,NC_008463,"""=4067529""",96 (0.580),9 (0.060),5/240,NT,8.6%,coding(366/1137nt),PA14_RS18560,flagellar biosynthesis protein FlhB
,NC_008463,"""4090174=""",98 (0.610),,,,,coding(101/1590nt),PA14_RS18670,hypothetical protein
5,NC_008463,"""=4081494""",118 (0.710),7 (0.050),6/230,NT,5.5%,intergenic(78/103),PA14_RS18630/PA14_RS18635,RND transporter MFP subunit/hypothetical protein
,NC_008463,"""4130628=""",128 (0.830),,,,,coding(520/534nt),PA14_RS18850,GNAT family Nacetyltransferase
5,NC_008463,"""4345126=""",269 (1.620),12 (0.080),9/226,NT,5.5%,intergenic(45/+61),PA14_RS19845/PA14_RS19850,tRNA 2thiocytidine(32) synthetase TtcA/integrase
,NC_008463,"""=4355790""",167 (1.100),,,,,intergenic(+317/59),PA14_RS31160/PA14_RS19915,hypothetical protein/hypothetical protein
54,NC_008463,"""=737201""",1 (0.010),9 (0.050),7/240,NT,94.8%,noncoding(2116/2912nt),PA14_RS03465,23S ribosomal RNA
,NC_008463,"""=4953035""",0 (0.000),,,,,noncoding(2144/2905nt),PA14_RS22685,23S ribosomal RNA
54,NC_008463,"""=737232""",NA (NA),3 (0.020),3/244,NT,NA,noncoding(2147/2912nt),PA14_RS03465,23S ribosomal RNA
,NC_008463,"""737239=""",NA (NA),,,,,noncoding(2154/2912nt),PA14_RS03465,23S ribosomal RNA
54,NC_008463,"""3175697=""",526 (2.820),424 (2.550),120/218,NT,52.9%,intergenic(146/+106),PA14_RS30510/PA14_RS14515,hypothetical protein/hypothetical protein
,NC_008463,"""=3177289""",285 (1.710),,,,,intergenic(69/218),PA14_RS14525/PA14_RS14530,hypothetical protein/Tn3 family transposase
46,NC_008463,"""=737204""",NA (NA),19 (0.170),14/242,NT,NA,noncoding(2119/2912nt),PA14_RS03465,23S ribosomal RNA
,NC_008463,"""737218=""",NA (NA),,,,,noncoding(2133/2912nt),PA14_RS03465,23S ribosomal RNA
46,NC_008463,"""3175697=""",294 (2.620),258 (2.580),91/218,NT,55.4%,intergenic(146/+106),PA14_RS30510/PA14_RS14515,hypothetical protein/hypothetical protein
,NC_008463,"""=3177289""",153 (1.530),,,,,intergenic(69/218),PA14_RS14525/PA14_RS14530,hypothetical protein/Tn3 family transposase
69,NC_008463,"""=1544091""",75 (1.050),10 (0.200),5/176,NT,19.6%,coding(235/1518nt),glpK,glycerol kinase
,NC_008463,"""=1546221""",29 (0.570),,,,,coding(219/1485nt),glpK,glycerol kinase
69,NC_008463,"""3175697=""",211 (2.940),168 (2.620),78/222,NT,54.5%,intergenic(146/+106),PA14_RS30510/PA14_RS14515,hypothetical protein/hypothetical protein
,NC_008463,"""=3177289""",92 (1.430),,,,,intergenic(69/218),PA14_RS14525/PA14_RS14530,hypothetical protein/Tn3 family transposase
41,NC_008463,"""3175697=""",301 (2.730),252 (2.560),94/218,NT,52.0%,intergenic(146/+106),PA14_RS30510/PA14_RS14515,hypothetical protein/hypothetical protein
,NC_008463,"""=3177289""",196 (1.990),,,,,intergenic(69/218),PA14_RS14525/PA14_RS14530,hypothetical protein/Tn3 family transposase
41,NC_008463,"""4345126=""",206 (1.870),10 (0.100),8/224,NT,6.6%,intergenic(45/+61),PA14_RS19845/PA14_RS19850,tRNA 2thiocytidine(32) synthetase TtcA/integrase
,NC_008463,"""=4355790""",95 (0.940),,,,,intergenic(+317/59),PA14_RS31160/PA14_RS19915,hypothetical protein/hypothetical protein
2,NC_008463,"""3175697=""",466 (3.130),396 (2.970),115/222,NT,54.3%,intergenic(146/+106),PA14_RS30510/PA14_RS14515,hypothetical protein/hypothetical protein
,NC_008463,"""=3177289""",249 (1.870),,,,,intergenic(69/218),PA14_RS14525/PA14_RS14530,hypothetical protein/Tn3 family transposase
2,NC_008463,"""4345126=""",280 (1.880),18 (0.130),16/228,NT,7.9%,intergenic(45/+61),PA14_RS19845/PA14_RS19850,tRNA 2thiocytidine(32) synthetase TtcA/integrase
,NC_008463,"""=4355790""",160 (1.170),,,,,intergenic(+317/59),PA14_RS31160/PA14_RS19915,hypothetical protein/hypothetical protein
24,NC_008463,"""=737187""",NA (NA),22 (0.130),20/246,NT,NA,noncoding(2102/2912nt),PA14_RS03465,23S ribosomal RNA
,NC_008463,"""737204=""",NA (NA),,,,,noncoding(2119/2912nt),PA14_RS03465,23S ribosomal RNA
24,NC_008463,"""=737199""",NA (NA),9 (0.050),8/244,NT,NA,noncoding(2114/2912nt),PA14_RS03465,23S ribosomal RNA
,NC_008463,"""737205=""",NA (NA),,,,,noncoding(2120/2912nt),PA14_RS03465,23S ribosomal RNA
24,NC_008463,"""3175697=""",398 (2.360),319 (2.110),111/220,NT,53.3%,intergenic(146/+106),PA14_RS30510/PA14_RS14515,hypothetical protein/hypothetical protein
,NC_008463,"""=3177289""",202 (1.340),,,,,intergenic(69/218),PA14_RS14525/PA14_RS14530,hypothetical protein/Tn3 family transposase
14,NC_008463,"""737451=""",NA (NA),175 (1.690),76/246,NT,NA,noncoding(2366/2912nt),PA14_RS03465,23S ribosomal RNA
,NC_008463,"""=737471""",NA (NA),,,,,noncoding(2386/2912nt),PA14_RS03465,23S ribosomal RNA
14,NC_008463,"""3175697=""",261 (2.490),275 (2.930),98/222,NT,60.3%,intergenic(146/+106),PA14_RS30510/PA14_RS14515,hypothetical protein/hypothetical protein
,NC_008463,"""=3177289""",128 (1.370),,,,,intergenic(69/218),PA14_RS14525/PA14_RS14530,hypothetical protein/Tn3 family transposase
14,NC_008463,"""4345126=""",158 (1.510),28 (0.290),18/228,NT,17.7%,intergenic(45/+61),PA14_RS19845/PA14_RS19850,tRNA 2thiocytidine(32) synthetase TtcA/integrase
,NC_008463,"""=4355790""",115 (1.190),,,,,intergenic(+317/59),PA14_RS31160/PA14_RS19915,hypothetical protein/hypothetical protein
27,NC_008463,"""=737187""",NA (NA),14 (0.090),13/246,NT,NA,noncoding(2102/2912nt),PA14_RS03465,23S ribosomal RNA
,NC_008463,"""737204=""",NA (NA),,,,,noncoding(2119/2912nt),PA14_RS03465,23S ribosomal RNA
27,NC_008463,"""3175697=""",474 (2.890),370 (2.520),104/220,NT,52.6%,intergenic(146/+106),PA14_RS30510/PA14_RS14515,hypothetical protein/hypothetical protein
,NC_008463,"""=3177289""",242 (1.650),,,,,intergenic(69/218),PA14_RS14525/PA14_RS14530,hypothetical protein/Tn3 family transposase
12,NC_008463,"""=1544054""",138 (1.110),16 (0.140),6/226,NT,13.4%,coding(272/1518nt),glpK,glycerol kinase
,NC_008463,"""=1546258""",82 (0.730),,,,,coding(256/1485nt),glpK,glycerol kinase
12,NC_008463,"""=1544286""",118 (0.950),5 (0.050),5/184,NT,5.4%,coding(40/1518nt),glpK,glycerol kinase
,NC_008463,"""=1546026""",88 (0.960),,,,,coding(24/1485nt),glpK,glycerol kinase
12,NC_008463,"""3175697=""",361 (2.920),315 (2.850),105/222,NT,55.4%,intergenic(146/+106),PA14_RS30510/PA14_RS14515,hypothetical protein/hypothetical protein
,NC_008463,"""=3177289""",184 (1.660),,,,,intergenic(69/218),PA14_RS14525/PA14_RS14530,hypothetical protein/Tn3 family transposase
12,NC_008463,"""4345126=""",224 (1.810),21 (0.180),18/228,NT,10.7%,intergenic(45/+61),PA14_RS19845/PA14_RS19850,tRNA 2thiocytidine(32) synthetase TtcA/integrase
,NC_008463,"""=4355790""",144 (1.270),,,,,intergenic(+317/59),PA14_RS31160/PA14_RS19915,hypothetical protein/hypothetical protein
45,NC_008463,"""=737195""",NA (NA),29 (0.370),24/246,NT,NA,noncoding(2110/2912nt),PA14_RS03465,23S ribosomal RNA
,NC_008463,"""737212=""",NA (NA),,,,,noncoding(2127/2912nt),PA14_RS03465,23S ribosomal RNA
45,NC_008463,"""3175697=""",234 (3.010),224 (3.220),86/220,NT,57.1%,intergenic(146/+106),PA14_RS30510/PA14_RS14515,hypothetical protein/hypothetical protein
,NC_008463,"""=3177289""",128 (1.840),,,,,intergenic(69/218),PA14_RS14525/PA14_RS14530,hypothetical protein/Tn3 family transposase
45,NC_008463,"""4345126=""",111 (1.430),9 (0.130),9/226,NT,11.3%,intergenic(45/+61),PA14_RS19845/PA14_RS19850,tRNA 2thiocytidine(32) synthetase TtcA/integrase
,NC_008463,"""=4355790""",40 (0.560),,,,,intergenic(+317/59),PA14_RS31160/PA14_RS19915,hypothetical protein/hypothetical protein
60,NC_008463,"""3175697=""",535 (2.600),446 (2.430),118/220,NT,55.5%,intergenic(146/+106),PA14_RS30510/PA14_RS14515,hypothetical protein/hypothetical protein
,NC_008463,"""=3177289""",236 (1.280),,,,,intergenic(69/218),PA14_RS14525/PA14_RS14530,hypothetical protein/Tn3 family transposase
50,NC_008463,"""=2793805""",90 (0.710),5 (0.040),4/230,NT,5.6%,coding(628/1014nt),PA14_RS13105,"toluate 1,2dioxygenase electron transfer subunit"
,NC_008463,"""2795365=""",86 (0.720),,,,,coding(642/1023nt),antC,anthranilate dioxygenase reductase
50,NC_008463,"""3175697=""",336 (2.650),327 (2.880),106/220,NT,55.2%,intergenic(146/+106),PA14_RS30510/PA14_RS14515,hypothetical protein/hypothetical protein
,NC_008463,"""=3177289""",231 (2.030),,,,,intergenic(69/218),PA14_RS14525/PA14_RS14530,hypothetical protein/Tn3 family transposase
50,NC_008463,"""4345126=""",208 (1.640),20 (0.170),18/226,NT,10.8%,intergenic(45/+61),PA14_RS19845/PA14_RS19850,tRNA 2thiocytidine(32) synthetase TtcA/integrase
,NC_008463,"""=4355790""",140 (1.200),,,,,intergenic(+317/59),PA14_RS31160/PA14_RS19915,hypothetical protein/hypothetical protein
33,NC_008463,"""3175697=""",302 (3.030),426 (4.780),116/220,NT,66.3%,intergenic(146/+106),PA14_RS30510/PA14_RS14515,hypothetical protein/hypothetical protein
,NC_008463,"""=3177289""",163 (1.830),,,,,intergenic(69/218),PA14_RS14525/PA14_RS14530,hypothetical protein/Tn3 family transposase
33,NC_008463,"""4338302=""",142 (1.420),1990 (19.970),169/246,NT,85.3%,coding(489/618nt),PA14_RS19815,peptidoglycan endopeptidase
,NC_008463,"""=4353244""",545 (5.470),,,,,intergenic(85/43),PA14_RS19910/PA14_RS30755,DNAbinding protein/hypothetical protein
33,NC_008463,"""=4338980""",254 (2.550),724 (7.580),150/236,NT,71.5%,coding(647/771nt),PA14_RS19820,NADdependent deacylase
,NC_008463,"""4346095=""",335 (3.510),,,,,coding(109/1017nt),PA14_RS19850,integrase
33,NC_008463,"""=4339008""",230 (2.310),47 (0.470),34/246,NT,13.3%,coding(619/771nt),PA14_RS19820,NADdependent deacylase
,NC_008463,"""4346003=""",382 (3.830),,,,,coding(201/1017nt),PA14_RS19850,integrase
33,NC_008463,"""=4339366""",150 (1.510),11 (0.110),11/242,NT,6.2%,coding(261/771nt),PA14_RS19820,NADdependent deacylase
,NC_008463,"""4345624=""",186 (1.900),,,,,coding(580/1017nt),PA14_RS19850,integrase
33,NC_008463,"""=4339381""",155 (1.560),9 (0.090),8/242,NT,5.1%,coding(246/771nt),PA14_RS19820,NADdependent deacylase
,NC_008463,"""4345620=""",185 (1.890),,,,,coding(584/1017nt),PA14_RS19850,integrase
33,NC_008463,"""=4339804""",84 (0.840),14 (0.150),12/238,NT,9.4%,coding(1236/1401nt),PA14_RS19825,sigma54dependent Fis family transcriptional regulator
,NC_008463,"""4345601=""",190 (1.970),,,,,coding(603/1017nt),PA14_RS19850,integrase
33,NC_008463,"""4345126=""",164 (1.650),31 (0.340),24/226,NT,20.8%,intergenic(45/+61),PA14_RS19845/PA14_RS19850,tRNA 2thiocytidine(32) synthetase TtcA/integrase
,NC_008463,"""=4355790""",85 (0.930),,,,,intergenic(+317/59),PA14_RS31160/PA14_RS19915,hypothetical protein/hypothetical protein
11,NC_008463,"""737451=""",NA (NA),148 (1.000),77/244,NT,NA,noncoding(2366/2912nt),PA14_RS03465,23S ribosomal RNA
,NC_008463,"""=737471""",NA (NA),,,,,noncoding(2386/2912nt),PA14_RS03465,23S ribosomal RNA
11,NC_008463,"""3175697=""",501 (3.350),389 (2.910),115/220,NT,54.0%,intergenic(146/+106),PA14_RS30510/PA14_RS14515,hypothetical protein/hypothetical protein
,NC_008463,"""=3177289""",216 (1.620),,,,,intergenic(69/218),PA14_RS14525/PA14_RS14530,hypothetical protein/Tn3 family transposase
11,NC_008463,"""4345126=""",261 (1.750),29 (0.210),19/226,NT,12.9%,intergenic(45/+61),PA14_RS19845/PA14_RS19850,tRNA 2thiocytidine(32) synthetase TtcA/integrase
,NC_008463,"""=4355790""",152 (1.110),,,,,intergenic(+317/59),PA14_RS31160/PA14_RS19915,hypothetical protein/hypothetical protein
23,NC_008463,"""3175697=""",437 (2.420),386 (2.390),110/218,NT,54.3%,intergenic(146/+106),PA14_RS30510/PA14_RS14515,hypothetical protein/hypothetical protein
,NC_008463,"""=3177289""",259 (1.610),,,,,intergenic(69/218),PA14_RS14525/PA14_RS14530,hypothetical protein/Tn3 family transposase
9,NC_008463,"""3175697=""",369 (3.180),278 (2.690),89/214,NT,52.3%,intergenic(146/+106),PA14_RS30510/PA14_RS14515,hypothetical protein/hypothetical protein
,NC_008463,"""=3177289""",178 (1.720),,,,,intergenic(69/218),PA14_RS14525/PA14_RS14530,hypothetical protein/Tn3 family transposase
9,NC_008463,"""4345126=""",215 (1.850),8 (0.080),6/220,NT,5.3%,intergenic(45/+61),PA14_RS19845/PA14_RS19850,tRNA 2thiocytidine(32) synthetase TtcA/integrase
,NC_008463,"""=4355790""",90 (0.850),,,,,intergenic(+317/59),PA14_RS31160/PA14_RS19915,hypothetical protein/hypothetical protein
44,NC_008463,"""3175697=""",312 (2.650),284 (2.700),97/218,NT,58.0%,intergenic(146/+106),PA14_RS30510/PA14_RS14515,hypothetical protein/hypothetical protein
,NC_008463,"""=3177289""",133 (1.260),,,,,intergenic(69/218),PA14_RS14525/PA14_RS14530,hypothetical protein/Tn3 family transposase
62,NC_008463,"""3175697=""",418 (2.730),297 (2.170),95/222,NT,50.5%,intergenic(146/+106),PA14_RS30510/PA14_RS14515,hypothetical protein/hypothetical protein
,NC_008463,"""=3177289""",209 (1.530),,,,,intergenic(69/218),PA14_RS14525/PA14_RS14530,hypothetical protein/Tn3 family transposase
978,NC_008463,"""3175697=""",351 (2.510),371 (2.950),111/232,NT,57.8%,intergenic(146/+106),PA14_RS30510/PA14_RS14515,hypothetical protein/hypothetical protein
,NC_008463,"""=3177289""",226 (1.790),,,,,intergenic(69/218),PA14_RS14525/PA14_RS14530,hypothetical protein/Tn3 family transposase
978,NC_008463,"""4345126=""",189 (1.350),20 (0.150),14/238,NT,10.1%,intergenic(45/+61),PA14_RS19845/PA14_RS19850,tRNA 2thiocytidine(32) synthetase TtcA/integrase
,NC_008463,"""=4355790""",182 (1.410),,,,,intergenic(+317/59),PA14_RS31160/PA14_RS19915,hypothetical protein/hypothetical protein
34,NC_008463,"""3175697=""",555 (3.620),465 (3.390),129/220,NT,56.3%,intergenic(146/+106),PA14_RS30510/PA14_RS14515,hypothetical protein/hypothetical protein
,NC_008463,"""=3177289""",226 (1.650),,,,,intergenic(69/218),PA14_RS14525/PA14_RS14530,hypothetical protein/Tn3 family transposase
34,NC_008463,"""4345126=""",242 (1.580),41 (0.290),30/226,NT,16.8%,intergenic(45/+61),PA14_RS19845/PA14_RS19850,tRNA 2thiocytidine(32) synthetase TtcA/integrase
,NC_008463,"""=4355790""",185 (1.310),,,,,intergenic(+317/59),PA14_RS31160/PA14_RS19915,hypothetical protein/hypothetical protein
17,NC_008463,"""3175697=""",326 (2.530),338 (2.930),111/222,NT,59.2%,intergenic(146/+106),PA14_RS30510/PA14_RS14515,hypothetical protein/hypothetical protein
,NC_008463,"""=3177289""",174 (1.510),,,,,intergenic(69/218),PA14_RS14525/PA14_RS14530,hypothetical protein/Tn3 family transposase
17,NC_008463,"""4345126=""",231 (1.790),20 (0.170),16/228,NT,10.4%,intergenic(45/+61),PA14_RS19845/PA14_RS19850,tRNA 2thiocytidine(32) synthetase TtcA/integrase
,NC_008463,"""=4355790""",134 (1.130),,,,,intergenic(+317/59),PA14_RS31160/PA14_RS19915,hypothetical protein/hypothetical protein
17,NC_008463,"""6313278=""",NA (NA),3 (0.020),3/246,NT,100%,noncoding(2386/2912nt),PA14_RS28865,23S ribosomal RNA
,NC_008463,"""=6313298""",0 (0.000),,,,,noncoding(2366/2912nt),PA14_RS28865,23S ribosomal RNA
36,NC_008463,"""3175697=""",540 (3.370),360 (2.520),97/218,NT,49.5%,intergenic(146/+106),PA14_RS30510/PA14_RS14515,hypothetical protein/hypothetical protein
,NC_008463,"""=3177289""",252 (1.760),,,,,intergenic(69/218),PA14_RS14525/PA14_RS14530,hypothetical protein/Tn3 family transposase
52,NC_008463,"""=737196""",NA (NA),16 (0.150),16/240,NT,NA,noncoding(2111/2912nt),PA14_RS03465,23S ribosomal RNA
,NC_008463,"""737233=""",NA (NA),,,,,noncoding(2148/2912nt),PA14_RS03465,23S ribosomal RNA
52,NC_008463,"""=737197""",NA (NA),27 (0.240),24/240,NT,NA,noncoding(2112/2912nt),PA14_RS03465,23S ribosomal RNA
,NC_008463,"""737217=""",NA (NA),,,,,noncoding(2132/2912nt),PA14_RS03465,23S ribosomal RNA
52,NC_008463,"""3175697=""",396 (3.590),316 (3.220),104/214,NT,53.4%,intergenic(146/+106),PA14_RS30510/PA14_RS14515,hypothetical protein/hypothetical protein
,NC_008463,"""=3177289""",199 (2.020),,,,,intergenic(69/218),PA14_RS14525/PA14_RS14530,hypothetical protein/Tn3 family transposase
19,NC_008463,"""=736964""",NA (NA),27 (0.190),21/246,NT,NA,noncoding(1879/2912nt),PA14_RS03465,23S ribosomal RNA
,NC_008463,"""736973=""",NA (NA),,,,,noncoding(1888/2912nt),PA14_RS03465,23S ribosomal RNA
19,NC_008463,"""2363422=""",103 (0.720),12 (0.080),12/244,NT,10.6%,coding(293/1131nt),PA14_RS11005,hypothetical protein
,NC_008463,"""=2559771""",100 (0.710),,,,,coding(850/1188nt),PA14_RS12035,type II secretion system protein
19,NC_008463,"""3175697=""",462 (3.240),331 (2.600),114/220,NT,50.8%,intergenic(146/+106),PA14_RS30510/PA14_RS14515,hypothetical protein/hypothetical protein
,NC_008463,"""=3177289""",227 (1.780),,,,,intergenic(69/218),PA14_RS14525/PA14_RS14530,hypothetical protein/Tn3 family transposase
19,NC_008463,"""4345126=""",246 (1.730),11 (0.080),11/226,NT,5.5%,intergenic(45/+61),PA14_RS19845/PA14_RS19850,tRNA 2thiocytidine(32) synthetase TtcA/integrase
,NC_008463,"""=4355790""",151 (1.150),,,,,intergenic(+317/59),PA14_RS31160/PA14_RS19915,hypothetical protein/hypothetical protein
26,NC_008463,"""=737249""",NA (NA),9 (0.070),8/248,NT,NA,noncoding(2164/2912nt),PA14_RS03465,23S ribosomal RNA
,NC_008463,"""737258=""",NA (NA),,,,,noncoding(2173/2912nt),PA14_RS03465,23S ribosomal RNA
26,NC_008463,"""3175697=""",398 (2.940),346 (2.850),108/222,NT,56.1%,intergenic(146/+106),PA14_RS30510/PA14_RS14515,hypothetical protein/hypothetical protein
,NC_008463,"""=3177289""",185 (1.530),,,,,intergenic(69/218),PA14_RS14525/PA14_RS14530,hypothetical protein/Tn3 family transposase
25,NC_008463,"""=736964""",NA (NA),23 (0.150),19/248,NT,NA,noncoding(1879/2912nt),PA14_RS03465,23S ribosomal RNA
,NC_008463,"""736973=""",NA (NA),,,,,noncoding(1888/2912nt),PA14_RS03465,23S ribosomal RNA
25,NC_008463,"""=737198""",NA (NA),33 (0.220),22/248,NT,NA,noncoding(2113/2912nt),PA14_RS03465,23S ribosomal RNA
,NC_008463,"""737211=""",NA (NA),,,,,noncoding(2126/2912nt),PA14_RS03465,23S ribosomal RNA
25,NC_008463,"""3175697=""",485 (3.180),400 (2.930),109/222,NT,55.3%,intergenic(146/+106),PA14_RS30510/PA14_RS14515,hypothetical protein/hypothetical protein
,NC_008463,"""=3177289""",212 (1.550),,,,,intergenic(69/218),PA14_RS14525/PA14_RS14530,hypothetical protein/Tn3 family transposase
25,NC_008463,"""4345126=""",207 (1.360),13 (0.090),13/228,NT,6.4%,intergenic(45/+61),PA14_RS19845/PA14_RS19850,tRNA 2thiocytidine(32) synthetase TtcA/integrase
,NC_008463,"""=4355790""",191 (1.360),,,,,intergenic(+317/59),PA14_RS31160/PA14_RS19915,hypothetical protein/hypothetical protein
53,NC_008463,"""=737195""",NA (NA),18 (0.110),13/246,NT,NA,noncoding(2110/2912nt),PA14_RS03465,23S ribosomal RNA
,NC_008463,"""737212=""",NA (NA),,,,,noncoding(2127/2912nt),PA14_RS03465,23S ribosomal RNA
53,NC_008463,"""3175697=""",551 (3.370),354 (2.420),104/220,NT,48.6%,intergenic(146/+106),PA14_RS30510/PA14_RS14515,hypothetical protein/hypothetical protein
,NC_008463,"""=3177289""",258 (1.760),,,,,intergenic(69/218),PA14_RS14525/PA14_RS14530,hypothetical protein/Tn3 family transposase
7,NC_008463,"""3175697=""",492 (3.380),366 (2.810),101/220,NT,52.4%,intergenic(146/+106),PA14_RS30510/PA14_RS14515,hypothetical protein/hypothetical protein
,NC_008463,"""=3177289""",226 (1.740),,,,,intergenic(69/218),PA14_RS14525/PA14_RS14530,hypothetical protein/Tn3 family transposase
7,NC_008463,"""4345126=""",261 (1.790),12 (0.090),11/226,NT,5.7%,intergenic(45/+61),PA14_RS19845/PA14_RS19850,tRNA 2thiocytidine(32) synthetase TtcA/integrase
,NC_008463,"""=4355790""",156 (1.170),,,,,intergenic(+317/59),PA14_RS31160/PA14_RS19915,hypothetical protein/hypothetical protein
68,NC_008463,"""737206=""",8 (0.030),69 (0.240),41/244,NT,89.7%,noncoding(2121/2912nt),PA14_RS03465,23S ribosomal RNA
,NC_008463,"""4953053=""",NA (NA),,,,,noncoding(2126/2905nt),PA14_RS22685,23S ribosomal RNA
68,NC_008463,"""3175697=""",846 (2.870),665 (2.520),132/220,NT,52.7%,intergenic(146/+106),PA14_RS30510/PA14_RS14515,hypothetical protein/hypothetical protein
,NC_008463,"""=3177289""",435 (1.650),,,,,intergenic(69/218),PA14_RS14525/PA14_RS14530,hypothetical protein/Tn3 family transposase
68,NC_008463,"""=5537016""",15 (0.050),417 (1.410),110/246,NT,96.5%,noncoding(2177/2912nt),PA14_RS25360,23S ribosomal RNA
,NC_008463,"""5537082=""",NA (NA),,,,,noncoding(2111/2912nt),PA14_RS25360,23S ribosomal RNA
957,NC_008463,"""=361383""",54 (0.770),4 (0.060),4/238,NT,7.6%,coding(438/1053nt),PA14_RS01630,AraC family transcriptional regulator
,NC_008463,"""=361413""",47 (0.720),,,,,coding(468/1053nt),PA14_RS01630,AraC family transcriptional regulator
957,NC_008463,"""=735655""",NA (NA),3 (0.040),3/254,NT,NA,noncoding(570/2912nt),PA14_RS03465,23S ribosomal RNA
,NC_008463,"""735659=""",NA (NA),,,,,noncoding(574/2912nt),PA14_RS03465,23S ribosomal RNA
957,NC_008463,"""=1342081""",53 (0.750),4 (0.060),4/246,NT,6.5%,coding(3518/3897nt),purL,phosphoribosylformylglycinamidine synthase
,NC_008463,"""=6469047""",64 (0.950),,,,,coding(501/1008nt),PA14_RS29560,methionine import ATPbinding protein MetN 2
957,NC_008463,"""3175697=""",181 (2.570),207 (3.260),79/232,NT,59.0%,intergenic(146/+106),PA14_RS30510/PA14_RS14515,hypothetical protein/hypothetical protein
,NC_008463,"""=3177289""",125 (1.970),,,,,intergenic(69/218),PA14_RS14525/PA14_RS14530,hypothetical protein/Tn3 family transposase
20,NC_008463,"""3175697=""",308 (2.620),258 (2.460),86/218,NT,52.1%,intergenic(146/+106),PA14_RS30510/PA14_RS14515,hypothetical protein/hypothetical protein
,NC_008463,"""=3177289""",199 (1.900),,,,,intergenic(69/218),PA14_RS14525/PA14_RS14530,hypothetical protein/Tn3 family transposase
35,NC_008463,"""2383554=""",158 (0.820),35 (0.180),28/246,NT,12.7%,intergenic(+43/13),PA14_RS11100/PA14_RS11105,universal stress protein/thiopurine Smethyltransferase
,NC_008463,"""=2476282""",325 (1.690),,,,,coding(149/237nt),PA14_RS30350,hypothetical protein
35,NC_008463,"""3175697=""",732 (3.800),600 (3.490),128/220,NT,54.5%,intergenic(146/+106),PA14_RS30510/PA14_RS14515,hypothetical protein/hypothetical protein
,NC_008463,"""=3177289""",346 (2.010),,,,,intergenic(69/218),PA14_RS14525/PA14_RS14530,hypothetical protein/Tn3 family transposase
35,NC_008463,"""4345126=""",393 (2.040),37 (0.210),28/226,NT,11.5%,intergenic(45/+61),PA14_RS19845/PA14_RS19850,tRNA 2thiocytidine(32) synthetase TtcA/integrase
,NC_008463,"""=4355790""",209 (1.180),,,,,intergenic(+317/59),PA14_RS31160/PA14_RS19915,hypothetical protein/hypothetical protein
37,NC_008463,"""3175697=""",404 (3.460),310 (2.970),103/220,NT,53.4%,intergenic(146/+106),PA14_RS30510/PA14_RS14515,hypothetical protein/hypothetical protein
,NC_008463,"""=3177289""",181 (1.730),,,,,intergenic(69/218),PA14_RS14525/PA14_RS14530,hypothetical protein/Tn3 family transposase
37,NC_008463,"""4345126=""",228 (1.950),13 (0.120),11/226,NT,7.9%,intergenic(45/+61),PA14_RS19845/PA14_RS19850,tRNA 2thiocytidine(32) synthetase TtcA/integrase
,NC_008463,"""=4355790""",93 (0.870),,,,,intergenic(+317/59),PA14_RS31160/PA14_RS19915,hypothetical protein/hypothetical protein
4,NC_008463,"""3175697=""",543 (3.310),473 (3.220),115/220,NT,56.2%,intergenic(146/+106),PA14_RS30510/PA14_RS14515,hypothetical protein/hypothetical protein
,NC_008463,"""=3177289""",251 (1.710),,,,,intergenic(69/218),PA14_RS14525/PA14_RS14530,hypothetical protein/Tn3 family transposase
4,NC_008463,"""4345126=""",296 (1.800),17 (0.110),15/226,NT,7.1%,intergenic(45/+61),PA14_RS19845/PA14_RS19850,tRNA 2thiocytidine(32) synthetase TtcA/integrase
,NC_008463,"""=4355790""",172 (1.140),,,,,intergenic(+317/59),PA14_RS31160/PA14_RS19915,hypothetical protein/hypothetical protein
28,NC_008463,"""737401=""",NA (NA),61 (0.440),40/246,NT,NA,noncoding(2316/2912nt),PA14_RS03465,23S ribosomal RNA
,NC_008463,"""=737413""",NA (NA),,,,,noncoding(2328/2912nt),PA14_RS03465,23S ribosomal RNA
28,NC_008463,"""3175697=""",419 (2.970),354 (2.810),110/222,NT,54.5%,intergenic(146/+106),PA14_RS30510/PA14_RS14515,hypothetical protein/hypothetical protein
,NC_008463,"""=3177289""",217 (1.720),,,,,intergenic(69/218),PA14_RS14525/PA14_RS14530,hypothetical protein/Tn3 family transposase
47,NC_008463,"""=737195""",NA (NA),116 (0.870),59/244,NT,NA,noncoding(2110/2912nt),PA14_RS03465,23S ribosomal RNA
,NC_008463,"""737212=""",NA (NA),,,,,noncoding(2127/2912nt),PA14_RS03465,23S ribosomal RNA
47,NC_008463,"""3175697=""",417 (3.140),291 (2.460),102/218,NT,50.4%,intergenic(146/+106),PA14_RS30510/PA14_RS14515,hypothetical protein/hypothetical protein
,NC_008463,"""=3177289""",200 (1.690),,,,,intergenic(69/218),PA14_RS14525/PA14_RS14530,hypothetical protein/Tn3 family transposase
67,NC_008463,"""3175697=""",367 (3.000),266 (2.430),97/220,NT,51.4%,intergenic(146/+106),PA14_RS30510/PA14_RS14515,hypothetical protein/hypothetical protein
,NC_008463,"""=3177289""",174 (1.590),,,,,intergenic(69/218),PA14_RS14525/PA14_RS14530,hypothetical protein/Tn3 family transposase
6,NC_008463,"""3175697=""",745 (3.090),593 (2.750),132/220,NT,53.4%,intergenic(146/+106),PA14_RS30510/PA14_RS14515,hypothetical protein/hypothetical protein
,NC_008463,"""=3177289""",370 (1.710),,,,,intergenic(69/218),PA14_RS14525/PA14_RS14530,hypothetical protein/Tn3 family transposase
6,NC_008463,"""=4071618""",302 (1.250),31 (0.130),18/242,NT,11.7%,coding(60/972nt),PA14_RS18590,flagellar motor switch protein FliM
,NC_008463,"""4112326=""",173 (0.730),,,,,coding(1138/2424nt),PA14_RS18760,mechanosensitive ion channel protein MscS