"","acnD/prpF::intergenic(+64/55)::Fe/Sdependent 2methylisocitrate dehydratase AcnD/2methylaconitate cistrans isomerase PrpF","fusA1::E100A(GAGGCG)::elongation factor G","fusA1::F596L(TTCCTC)::elongation factor G","fusA1::M461V(ATGGTG)::elongation factor G","fusA1::N592I(AACATC)::elongation factor G","fusA1::Q678L(CAGCTG)::elongation factor G","fusA1::R680C(CGCTGC)::elongation factor G","fusA1::T671A(ACCGCC)::elongation factor G","fusA1::Y683C(TACTGC)::elongation factor G","morA::E1153K(GAGAAG)::GGDEF domaincontaining protein","morA::K1123E(AAGGAG)::GGDEF domaincontaining protein","nagA::coding(782784/1092nt)::Nacetylglucosamine6phosphate deacetylase","orfH::A330E(GCAGAA)::UDPNacetylDmannosamine dehydrogenase","orfH::coding(718731/1269nt)::UDPNacetylDmannosamine dehydrogenase","orfH::V32G(GTCGGC)::UDPNacetylDmannosamine dehydrogenase","orfK::coding(162/1137nt)::UDPNacetylglucosamine 2epimerase (nonhydrolyzing)","orfL::coding(288/1113nt)::glycosyltransferase WbuB","orfN::coding(148/1017nt)::glycosyl transferase","PA14_41270::T387P(ACCCCC)::twocomponent sensor histidine kinase","PA14_50060::M1M(GTGATG)::diguanylate cyclase","PA14_58320::P110L(CCGCTG)::twocomponent sensor histidine kinase","PA14_64050::R26C(CGCTGC)::diguanylate cyclase response regulator","PA14_RS03500/tuf::intergenic(+20/65)::tRNAThr/elongation factor Tu","PA14_RS06615::D226A(GACGCC)::diguanylate cyclase response regulator","PA14_RS14470::L25R(CTGCGG)::FADbinding dehydrogenase","PA14_RS14800::D42A(GACGCC)::carboxylateamine ligase","PA14_RS16725::E214K(GAGAAG)::DNAbinding response regulator","PA14_RS16725::E87K(GAGAAG)::DNAbinding response regulator","PA14_RS18770::Q87*(CAGTAG)::hypothetical protein","PA14_RS20330/PA14_50060::intergenic(+103/14)::MFS transporter/diguanylate cyclase","PA14_RS22905::S281R(AGCCGC)::membrane protein","PA14_RS27645::Q252P(CAGCCG)::hypothetical protein","pmrB::F44L(TTCCTC)::twocomponent sensor histidine kinase","ptsP::A685D(GCCGAC)::phosphoenolpyruvateprotein phosphotransferase PtsP","ptsP::coding(1122/2280nt)::phosphoenolpyruvateprotein phosphotransferase PtsP","ptsP::coding(163170/2280nt)::phosphoenolpyruvateprotein phosphotransferase PtsP","ptsP::coding(18461887/2280nt)::phosphoenolpyruvateprotein phosphotransferase PtsP","ptsP::coding(889/2280nt)::phosphoenolpyruvateprotein phosphotransferase PtsP","ptsP::E335*(GAGTAG)::phosphoenolpyruvateprotein phosphotransferase PtsP","ptsP::G190D(GGCGAC)::phosphoenolpyruvateprotein phosphotransferase PtsP","ptsP::G467C(GGCTGC)::phosphoenolpyruvateprotein phosphotransferase PtsP","ptsP::P597L(CCGCTG)::phosphoenolpyruvateprotein phosphotransferase PtsP","ptsP::T630N(ACCAAC)::phosphoenolpyruvateprotein phosphotransferase PtsP","ptsP::V643F(GTCTTC)::phosphoenolpyruvateprotein phosphotransferase PtsP","ptsP::V661E(GTGGAG)::phosphoenolpyruvateprotein phosphotransferase PtsP","rplB::G138D(GGTGAT)::50S ribosomal protein L2","wspF::E189*(GAGTAG)::chemotaxis response regulator proteinglutamate methylesterase"
"Day 10, Pop 1, Bio, Inc",0,0,0,0,0,90.7,0,0,0,0,0,0,0,0,0,13.5,5.3,0,0,0,0,0,0,0,0,0,0,0,0,0,0,11,75.9,0,0,0,0,0,0,0,0,0,0,0,0,0,0
"Day 10, Pop 1, Plank, Inc",0,0,0,0,0,38.7,55.4,0,0,0,0,0,0,0,0,0,0,0,0,0,0,0,0,0,0,0,0,0,0,0,0,0,0,0,0,0,0,0,0,0,0,0,0,0,0,0,0
"Day 10, Pop 2, Bio, Inc",0,0,0,0,84.6,24.7,0,0,0,0,0,0,0,0,0,0,0,100,0,0,0,0,0,0,0,0,0,0,0,0,0,0,0,0,0,0,0,0,0,0,0,0,0,0,0,0,0
"Day 10, Pop 2, Plank, Inc",0,0,0,8.7,0,17.5,0,0,0,0,0,0,0,0,0,0,0,0,0,0,12.3,0,0,0,0,0,0,26.3,0,0,0,0,0,0,100,0,0,0,0,0,0,0,0,0,0,67.9,0
"Day 10, Pop 3, Bio, Inc",0,0,0,0,0,10.5,88.4,0,0,0,0,0,0,0,58,0,7.8,0,0,0,0,0,0,0,0,0,32.3,0,0,0,0,0,0,0,0,0,0,0,0,0,0,0,0,0,0,0,0
"Day 10, Pop 3, Plank, Inc",0,0,5.4,0,0,20.4,0,41.6,0,0,0,0,0,0,0,0,0,0,0,0,0,0,0,0,0,0,0,0,0,0,0,0,0,6.7,0,0,46.5,13.5,0,0,0,0,0,0,5.5,0,0
"Day 12, Pop 1, Bio, Inc",0,0,0,0,0,100,0,0,0,0,0,0,0,0,0,54.6,12.4,0,0,0,0,0,0,0,0,0,0,0,0,0,0,0,0,0,0,0,0,0,0,0,0,0,0,0,0,0,0
"Day 12, Pop 1, Bio, No AB",0,0,0,0,0,0,0,0,0,0,0,0,0,0,0,0,0,0,0,0,0,59.7,0,0,0,0,0,0,0,0,0,0,0,0,0,0,0,0,0,0,0,0,0,0,0,0,25.6
"Day 12, Pop 1, Plank, Inc",0,0,0,0,0,50.2,23.3,0,0,0,0,0,0,0,0,0,0,0,0,0,0,0,0,0,0,0,0,0,0,0,0,0,0,10.4,0,0,0,0,0,7,0,0,0,0,7.4,0,0
"Day 12, Pop 1, Plank, No AB",0,0,0,0,0,0,0,0,0,88,0,0,0,0,0,0,0,0,0,0,0,0,78.8,0,0,0,0,0,0,0,0,0,0,0,0,0,0,0,0,0,0,0,0,0,0,0,0
"Day 12, Pop 2, Bio, Inc",0,0,0,0,90.1,6.4,0,0,0,0,0,0,0,0,0,0,0,100,0,0,0,0,0,0,0,0,0,0,0,0,0,0,0,0,0,0,0,0,0,0,0,0,0,0,0,0,0
"Day 12, Pop 2, Bio, No AB",0,0,0,0,0,0,0,0,0,0,0,0,0,0,0,0,0,0,0,42.3,0,27.4,0,0,0,0,0,0,0,0,0,0,0,0,0,0,0,0,0,0,0,0,0,0,0,0,0
"Day 12, Pop 2, Plank, Inc",0,0,0,63.2,0,0,0,0,0,0,0,0,0,0,0,0,0,0,0,0,68.4,0,0,0,0,0,0,0,0,0,0,0,0,0,100,0,0,0,0,0,0,0,0,0,0,11.7,0
"Day 12, Pop 2, Plank, No AB",0,0,0,0,0,0,0,0,0,0,0,0,0,0,0,0,0,0,0,0,0,0,0,0,0,0,0,0,0,0,0,0,0,0,0,0,0,0,0,0,0,0,0,0,0,0,0
"Day 12, Pop 3, Bio, Inc",0,0,0,0,0,13.9,84.5,0,0,0,0,0,0,0,70,0,7.5,0,0,0,0,0,0,0,0,0,0,0,0,0,0,0,0,0,0,0,0,0,0,0,0,52.5,0,0,0,0,0
"Day 12, Pop 3, Bio, No AB",0,0,0,0,0,0,0,0,0,0,0,0,0,0,0,0,0,0,0,0,0,0,0,0,0,0,0,0,0,68.2,0,0,0,0,0,0,0,0,0,0,0,0,0,0,0,0,0
"Day 12, Pop 3, Plank, Inc",0,0,16.7,0,7.4,0,0,36,0,0,0,0,0,0,0,0,0,0,0,0,0,0,0,0,0,0,0,0,0,0,0,0,0,12,0,0,29.4,21.6,0,0,12.5,0,0,0,11.3,0,0
"Day 12, Pop 3, Plank, No AB",0,0,0,0,0,0,0,0,0,0,41,0,0,0,0,5,0,0,0,0,0,0,0,0,0,0,0,0,0,0,0,16.5,0,0,0,0,0,0,0,0,0,0,0,0,0,0,0
"Day 12, Pop 4, Bio, Inc",0,94.3,0,0,0,0,0,0,0,0,0,0,0,91.7,0,0,0,0,0,0,0,0,0,0,0,0,0,0,0,0,0,0,0,0,0,0,0,0,0,0,0,0,0,0,0,0,0
"Day 12, Pop 4, Plank, Inc",0,0,0,0,0,7.9,0,0,0,0,0,0,0,0,0,0,0,100,0,0,0,0,0,0,0,0,0,0,0,0,0,0,0,0,0,49,0,0,0,0,0,0,17.4,0,0,61.2,0
"Day 12, Pop 5, Bio, Inc",0,0,0,0,0,90.9,0,0,0,0,0,0,0,0,0,0,0,0,0,0,0,0,0,0,0,0,0,0,0,0,0,0,0,0,0,0,0,0,0,0,0,0,0,0,0,0,0
"Day 12, Pop 5, Plank, Inc",0,0,0,0,0,40.7,9.2,0,0,0,0,0,0,0,0,0,0,0,0,0,0,0,0,0,0,0,0,0,0,0,0,0,0,0,0,7.8,0,14.5,0,0,0,0,0,0,0,0,0
"Day 3, Pop 1, Bio, Inc",0,0,0,0,0,65.3,0,0,0,0,0,0,0,0,0,0,5.4,0,0,0,0,0,0,0,0,0,0,0,0,0,0,0,0,0,0,0,0,0,0,0,0,0,0,0,0,0,0
"Day 3, Pop 1, Plank, Inc",0,0,0,0,0,27,12.3,0,0,0,0,0,0,0,0,0,0,0,0,0,0,0,0,0,0,0,0,0,40,0,0,0,0,17,0,0,0,0,0,0,0,0,0,17.4,10.5,0,0
"Day 3, Pop 2, Bio, Inc",0,0,0,0,0,71.3,0,8,0,0,0,0,0,0,0,0,0,0,0,0,0,0,0,0,0,0,0,0,0,0,17.3,0,0,0,0,0,0,0,0,0,0,0,0,0,0,0,0
"Day 3, Pop 2, Plank, Inc",0,0,0,0,0,56.4,0,0,0,0,0,0,0,0,0,0,0,0,0,0,0,0,0,0,0,0,0,0,0,0,0,0,0,0,0,0,0,0,5.7,0,0,0,0,0,0,0,0
"Day 3, Pop 3, Bio, Inc",0,0,0,0,0,29.9,64.7,0,0,0,0,0,0,0,0,0,0,0,0,0,0,0,0,0,0,0,0,0,0,0,0,0,0,0,0,0,0,0,0,0,0,0,0,0,0,0,0
"Day 3, Pop 3, Plank, Inc",0,0,0,0,0,19.8,0,0,0,0,0,0,0,0,0,0,0,0,0,0,0,0,0,0,0,0,0,0,0,0,0,0,0,5.9,0,0,5.9,19.4,0,0,0,0,8.7,0,0,0,0
"Day 4, Pop 1, Bio, Inc",0,0,0,0,0,100,0,0,0,0,0,0,0,0,0,64.6,19,0,0,0,0,0,0,0,0,0,0,0,0,0,0,0,0,0,0,0,0,0,0,0,0,0,0,0,0,0,0
"Day 4, Pop 1, Plank, Inc",0,0,0,0,0,60.1,25.2,0,0,0,0,0,0,0,0,0,0,0,0,0,0,0,0,0,0,0,0,0,0,0,0,0,0,0,0,0,0,0,0,0,0,0,0,0,17.7,0,0
"Day 4, Pop 2, Bio, Inc",0,0,0,0,46.2,52.7,0,0,0,0,0,0,23.9,0,0,0,0,0,0,0,0,0,0,0,0,0,0,0,0,0,0,0,0,0,0,0,0,0,0,0,0,0,0,0,0,0,0
"Day 4, Pop 2, Plank, Inc",0,0,0,0,0,59.9,0,0,0,0,0,0,0,0,0,0,0,0,0,0,0,0,0,0,0,0,0,0,0,0,0,0,0,0,0,0,0,0,0,0,0,0,0,0,0,0,0
"Day 4, Pop 3, Bio, Inc",0,0,0,0,0,44.3,52.4,0,0,0,0,0,0,0,12.8,0,0,0,0,0,0,0,0,0,0,0,0,0,0,0,0,0,0,0,0,0,0,0,0,0,0,0,0,0,0,0,0
"Day 4, Pop 3, Plank, Inc",0,0,0,0,0,75.8,0,0,0,0,0,0,0,0,0,0,0,0,0,0,0,0,0,0,0,0,0,0,0,0,0,0,0,0,0,0,0,0,0,0,0,0,0,0,0,6,0
"Day 6, Pop 1, Bio, Inc",0,0,0,0,0,100,0,0,0,0,0,0,0,0,0,77.7,13.1,0,0,0,0,0,0,0,0,0,0,0,0,0,0,0,0,0,0,0,0,0,0,0,0,0,0,0,0,0,0
"Day 6, Pop 1, Bio, No AB",0,0,0,0,0,0,0,0,0,0,0,0,0,0,0,0,0,0,0,0,0,20.9,0,0,26,0,0,0,0,0,0,0,0,0,0,0,0,0,0,0,0,0,0,0,0,0,0
"Day 6, Pop 1, Plank, Inc",0,0,0,0,0,48.4,40.1,0,0,0,0,0,0,0,0,0,0,0,0,0,0,0,0,0,0,0,0,0,0,0,0,10.4,0,0,0,0,0,0,0,0,0,0,0,0,0,0,0
"Day 6, Pop 1, Plank, No AB",0,0,0,0,0,0,0,0,0,21.1,0,0,0,0,0,0,0,0,0,0,0,0,19.1,0,0,0,0,0,0,0,14.7,0,0,0,0,0,0,0,0,0,0,0,0,0,0,0,0
"Day 6, Pop 2, Bio, Inc",0,0,0,0,70,20.1,0,5.5,0,0,0,0,6.3,0,0,0,0,0,0,0,0,0,0,0,0,0,0,0,0,0,0,0,0,0,0,0,0,0,0,0,0,0,0,0,0,0,0
"Day 6, Pop 2, Bio, No AB",0,0,0,0,0,0,0,0,0,0,0,0,0,0,0,0,0,0,0,0,0,27.2,0,0,0,0,0,0,0,0,0,0,0,0,0,0,0,0,0,0,0,0,0,0,0,0,0
"Day 6, Pop 2, Plank, Inc",0,0,0,0,0,23.7,0,0,0,0,0,0,0,0,0,0,0,0,0,0,0,0,0,0,0,0,0,0,0,0,0,0,0,0,0,0,0,0,6.9,0,0,0,0,0,0,0,0
"Day 6, Pop 2, Plank, No AB",0,0,0,0,0,0,0,0,0,0,0,0,0,0,0,0,0,0,0,0,0,0,0,0,0,37.4,0,0,0,0,0,0,0,0,0,0,0,0,0,0,0,0,0,0,0,0,0
"Day 6, Pop 3, Bio, Inc",0,0,0,0,0,14.1,84.9,0,0,0,0,0,0,0,69.9,0,7.1,0,0,0,0,0,0,0,0,0,0,0,0,0,0,0,0,0,0,0,0,0,0,0,0,0,0,0,0,0,0
"Day 6, Pop 3, Bio, No AB",0,0,0,0,0,0,0,0,0,0,0,0,0,0,0,0,0,0,0,0,0,0,0,0,0,0,0,0,0,6.5,0,0,0,0,0,0,0,0,0,0,0,0,0,0,0,0,0
"Day 6, Pop 3, Plank, Inc",0,0,0,0,0,57.6,6.9,9.5,0,0,0,0,0,0,0,0,0,0,0,0,0,0,0,0,0,0,0,0,0,0,0,0,0,5.3,0,0,0,0,0,0,0,0,0,0,0,0,0
"Day 6, Pop 3, Plank, No AB",0,0,0,0,0,0,0,0,0,0,0,0,0,0,0,0,0,0,0,0,0,0,0,0,0,0,0,0,0,0,0,0,0,0,0,0,0,0,0,0,0,0,0,0,0,0,0
"Day 7, Pop 1, Bio, Inc",0,0,0,0,0,100,0,0,0,0,0,0,0,0,0,89,0,0,0,0,0,0,0,0,0,0,0,0,0,0,0,0,0,0,0,0,0,0,0,0,0,0,0,0,0,0,0
"Day 7, Pop 1, Plank, Inc",0,0,0,0,0,26.3,71.5,0,0,0,0,0,0,0,0,0,0,0,36.7,0,0,0,0,0,0,0,0,0,0,0,0,0,0,0,0,0,0,0,0,0,0,0,0,0,0,0,0
"Day 7, Pop 2, Bio, Inc",0,0,0,0,65.5,11.8,0,0,20.6,0,0,0,0,0,0,0,0,0,0,0,0,0,0,0,0,0,0,0,0,0,0,0,0,0,0,0,0,0,0,0,0,0,0,0,0,0,0
"Day 7, Pop 2, Plank, Inc",0,0,14.2,0,0,54.6,0,5.7,0,0,0,5.5,0,0,0,0,0,0,0,0,0,0,0,0,0,0,0,14.2,0,0,0,0,0,0,0,0,0,0,18.5,0,0,0,0,0,5.1,10,0
"Day 7, Pop 3, Bio, Inc",0,0,0,0,0,18.8,79.2,0,0,0,0,0,0,0,68.9,0,6.1,0,0,0,0,0,0,0,0,0,0,0,0,0,0,0,0,0,0,0,0,0,0,0,0,0,0,0,0,0,0
"Day 7, Pop 3, Plank, Inc",0,0,28.6,0,6.2,8.4,28.2,0,0,0,0,0,0,0,0,0,0,0,0,0,0,0,0,0,0,0,0,0,0,0,0,0,0,15.9,0,0,10.3,20.7,0,0,12.8,0,0,0,22,0,0
"Day 9, Pop 1, Bio, Inc",0,0,0,0,0,91,0,0,0,0,0,0,0,0,0,51.2,0,0,0,0,0,0,0,0,0,0,0,0,0,0,17.8,0,0,0,0,0,0,0,0,0,0,0,0,0,0,0,0
"Day 9, Pop 1, Plank, Inc",0,0,6.9,0,0,35.2,46.5,0,0,0,0,0,0,0,0,0,0,0,0,0,0,0,0,0,0,0,0,0,0,0,0,0,0,6.1,0,0,0,0,0,18.8,0,0,0,13.9,0,0,0
"Day 9, Pop 2, Bio, Inc",0,0,0,0,36.3,0,0,0,54,0,0,0,0,0,0,0,0,0,0,0,0,0,0,0,0,0,0,0,0,0,0,0,0,0,0,0,0,0,0,0,0,0,0,0,0,0,0
"Day 9, Pop 2, Plank, Inc",0,0,29.9,0,0,8.4,0,0,0,0,0,29.8,0,0,0,0,0,0,0,0,0,0,0,0,0,0,0,0,0,0,0,0,0,0,0,0,0,0,34.2,0,0,0,0,0,0,22.4,0
"Day 9, Pop 3, Bio, Inc",26.3,0,0,0,0,0,100,0,0,0,0,0,0,0,91.2,0,0,0,0,0,0,0,0,0,0,0,0,0,0,0,0,0,0,0,0,0,0,0,0,0,0,94.8,0,0,0,0,0
"Day 9, Pop 3, Plank, Inc",0,0,28.1,0,21.5,6.5,16.8,11.7,0,0,0,0,0,0,0,0,0,0,0,0,0,0,0,28.7,0,0,0,0,0,0,0,0,0,18,0,0,8.7,36.2,0,0,11.4,0,0,0,29,0,0
"Sums",26.3,94.3,129.8,71.9,427.8,1799.9,889.5,118,74.6,109.1,41,35.3,30.2,91.7,370.8,355.6,83.7,300,36.7,42.3,80.7,135.2,97.9,28.7,26,37.4,32.3,40.5,40,74.7,49.8,37.9,75.9,97.3,200,56.8,100.8,125.9,65.3,25.8,36.7,147.3,26.1,31.3,108.5,179.2,25.6
